Gatunek,SEZON,ORIGIN,dominujÄ…cy cukier,ASP,GLU,ASN,SER,GLN,GLY,THR,VAL,MET,LEU,LYS,ARG,BALA,ALA,TYR,PRO,TRP,PHE,ILE,AABA,CY2,OSER+HIS,CIT,NVA,ORN,TAU,GABA,HYP,SAR,BABA,suma,v,%,pollinator
F. acmopetala,2017,EUR,FRU,49.5360054712517,106.833169465693,55.7102993790885,83.6579462528075,244.088502508488,18.529801756876,141.908994693492,310.58653673681,0,0,8.08074689356297,27.2443324304779,26.130667280175,62.1305743276594,47.4790053203816,1598.87610427657,0,78.5083636338445,154.849447340776,12.8868273609654,4.48521566650045,16.4911672142046,245.968952142587,0,32.6566556547219,0,19.5658325479606,5.62169156970558,60.8805232128234,0,0,34.8,35.4,BEE
F. acmopetala,2018,EUR,FRU,61.9369881880719,85.3649438653449,53.8489603486217,141.774566712984,452.838022107612,286.059539892985,128.265074032809,313.800642556841,0,39.4258812564976,2.33810612092186,13.3370377396689,7.5928708044081,131.058533931174,33.1936909625668,11119.0200408678,3.82572300411689,0,140.881055067248,0,6.48420625517979,8.70304358875379,128.317191827162,3.70112013953285,0,15.0426804286441,19.1249553677025,5.52032152804334,51.8856439030389,0,0,34.8,35.4,BEE
F. affinis,"2018,0",AM,FRU,298.812296259932,401.682074250249,31.8645126625813,337.284800410266,472.975946368259,1816.96645079803,102.671214020051,70.2746707264729,0,106.463631077061,0,67.2236369620218,0,560.315076260286,38.3701550877736,336.238529807762,0,53.0124788494491,37.2690628248317,16.2234113151682,38.9871265664325,23.3628693085519,40.817098635972,0,26.9220396517489,105.561417473555,41.8080231268189,69.7641175462801,624.691933038312,0,0,15.4,13,BEE
F. amabilis,2017,EUR,FRU,146.1631233422,277.519842661987,1111.59688221259,138.016449078729,1145.27122565714,15.541201206441,123.484486926172,304.27248692416,0,22.5523610521763,0,28.2972766329359,26.8021562927825,69.1006046224443,73.1309946800874,747.601532389411,19.2709579109553,101.815629561735,111.774340766466,115.288587336297,0,37.0723351726856,8.16556592689044,10.7551999228573,0,31.5157874883388,14.0715075492644,1.48930355070655,4.70643968260673,0,0,,,BEE
F. amana,2017,EUR,FRU,131.802608406494,398.77435923538,76.6129776024251,140.040741863157,95.2125863116396,264.368918657362,244.421476855234,188.267376588631,34.1816253060375,0,19.3151517934804,23.7538080279348,10.4510033482237,281.680003852763,0,7.23448916195396,10.5040432519804,324.844902623687,75.1266752394594,52.0058209970639,9.17809545538178,179.779208313682,19.4822980741657,0,95.4434982515424,0,22.1953520845344,3.44557884600042,18.0600380988441,76.536900485128,0,7.8,47.8,BEE
F. camtschatcensis,2018,AM/AS,GLU,298.46903008941,321.882989205042,17.91107441408,378.159136162493,436.654215330913,1804.21052784902,39.8993702753576,52.840158992014,0,86.2488350682255,0,50.4838361382312,0,511.293130004106,34.1186628522257,336.048197286701,0,29.3421047579527,26.7222227380729,0,36.9986032769643,17.2394083311898,33.6973756790203,0,0,105.860388777679,26.0547000753908,31.599859834656,860.400426659396,0,0,NA,NA,FLY
F. carica,2017,EUR,FRU:GLU,45.0077331750844,125.968304127752,29.473342895806,117.387265584499,21.3912760815397,57.7245850601527,30.4720236625886,37.7219487940444,0,25.1115088084873,7.01284359309887,11.9153554795349,0,109.065903608225,16.9989773046953,47.9538095642799,42.4991492251871,20.3033119683209,23.2386439144551,0,0,8.89602999934828,0,0,11.4098594214048,0,0,4.90671299898743,94.9911412651978,0,0,13.6,21.1,BEE
F. crassifolia,2017,EUR,SAC,26.945153,67.02189298,7.326416588,27.55357505,20.02161341,8.708657027,0,19.74558812,0,0,6.633249366,17.26437846,0,34.04158136,11.52644519,0,31.12455944,6.710887471,10.21723446,14.4728604,0,9.315841362,0,0,10.10134313,0,0,1.437046273,272.6291141,0,0,,,BEE
F. drenovskii,2017,EUR,GLU,19.351071553479,34.4613414804049,0,18.2331495061019,155.109747940683,12.9702185029171,8.51375830115371,12.7967393643967,0,0,0,0,0.0583421607070541,18.4079165390174,0,0,0,51.6157000821794,0,0.294609576893776,0,5.8126899495319,0,0,0,0,0,0,93.4268657731595,0,0,35.8,27.1,BEE
F. drenovskii,2016,EUR,GLU,67.4178084053468,83.9854482399009,8.26435753287323,67.1526438514824,145.856338224343,376.808491138365,8.72776365466324,13.824717688267,0,19.0814120893843,0,17.059931630143,0,111.622209191965,13.1230907638633,56.2778037392779,0,0,0,3.0002958844252,0,0,11.6391589071673,0,0,21.0401753926357,10.7054164692756,6.12058863822281,29.4866084645425,0,0,35.8,27.1,BEE
F. eastwoodiae,2017,AM,FRU,49.2022676986824,105.396751360545,16.6387004999103,52.7049593562277,78.5561617909592,41.8652336737123,48.5921661788735,44.4846821026791,5.74796431066297,23.2374991723821,0,7.80377220283872,2.23667623653363,54.004274063657,15.8152639708752,16.6887945682508,6.64101951369631,48.8874167906134,16.9731557562632,8.44594222760004,2.34066840867017,22.7782600362574,6.74615645985782,0,0,0,0,1.20550456629359,18.2338777833746,0,0,33.8,16.3,BEE
F. eduardii,2017,AS,FRU,127.965756419766,308.231553649458,291.83495328833,3184.21365917703,64129.4754508936,828.60938912425,960.013326515662,693.593664810972,28.6574695667621,0,67.0017112507523,38.1939633840692,83.638564346249,7071.82696479135,245.028564646436,480.137861075394,42.4998386987307,427.496949996731,319.768778402454,32.134700949227,10.7518954580094,79.9487104931004,0,0,357.710630827601,0,0,5.70386013851122,26.1777164642223,28.2087467325327,0,56.5,5,PAS
F. eduardii,2016,AS,FRU,207.277569528961,496.516041828931,28.3757831042545,531.773086208969,69790.9203423322,135.666960321006,130.922876034364,282.071430027486,90.1367343734487,439.604126788189,14.8869900261687,0,42.5097504585425,724.525779146443,65.8354196857399,149.819610906989,13.1449423843068,443.670894112381,208.420748828562,18.9028801638131,0,36.8678288688967,22.9106263969643,0,0,15.7619119184968,14.4303866428618,5.35077043745101,9.62774723078941,0,0,56.5,5,PAS
F. eduardii,2017,AS,FRU,202.022992420265,297.959424317032,22.1252657545715,394.644847289419,52253.5966414889,78.8642610935951,118.864772082649,202.663653512637,62.7732281039722,297.753771486849,9.13789894867135,0,5.86209639529109,571.198359322874,62.6369661716129,101.603695638243,0,641.019610723036,197.374230688877,12.3361927434376,0,24.8672093456423,12.6693361807136,0,0,19.2452649770611,8.74637908745788,4.45824845206029,28.6872847527595,0,0,56.5,5,PAS
F. ehrertei,2017,EUR,NA,60.0203771716345,553.485998656099,76.4438386670218,17.2308335992582,347.558603834813,0,46.4756820758289,48.7940668558323,0,18.1657517601132,0,61.2809693458563,0,57.102233349224,13.5710424197452,83.8130930667247,42.7177252661253,32.0322175265512,18.0369470771018,29.8675522638393,0,8.79149268083311,0,0,17.6516398888794,0,24.7055035527796,32.87459599916,434.902954545319,0,0,,5,BEE
F. elwesii,2017,EUR,FRU,368.57684674032,585.050992025939,4512.06555572723,550.314648623152,2646.27174771807,120.755030885856,389.046222161187,614.900231209813,0,84.8689286835528,16.1188400700662,62.9934647666693,41.6859040771128,382.947913731663,219.755716703228,2418.83839892056,26.6626314031021,547.851937536071,174.038218992052,18.8923902593627,7.20904905221148,53.5378576334405,50.3025489870458,0,16.2077518838493,12.5234207639034,14.4190145654562,5.23989004705317,27.7356450207437,0,0,51,37.7,BEE
F. gentneri,"2017,0",AM,FRU,14.416366347823,33.9055133920112,20.6358174591337,18.0837792444234,71.4259846493103,9.62593017656731,7.85126398400397,15.6851172259283,0,4.6939963885416,0,9.58399585625815,0,15.6164665269387,6.90775584156181,0,0,7.48717864348657,7.39431426104606,2.68260189372758,4.08772259608822,3.65261718206194,0,3.75576,0,0,6.33548928487123,4.05951589767566,52.2048674272449,0,0,54,31.1,HUM
F. gentneri,"2017,0",AM,FRU,62.7788271349067,166.310327081405,17.9015321451188,65.0698237488049,347.120849558606,381.681032319549,21.1807356047127,23.8009200310305,0,20.2334867649455,0,10.8826589757229,0,122.730526614122,11.9358581389223,58.8802321235976,3.49503619493011,13.7090265490987,7.841604748142,0,11.9536522507213,0,6.01988290854916,3.30089032230157,2.13608641329504,19.9784999680924,26.0816548496806,6.94837886675357,24.8864280517731,0,0,54,31.1,HUM
F. gracilis,2017,EUR,SAC,282.724821080027,1770.29694029652,238.254724527082,100.910029532539,3412.47727663307,29.829888923779,116.632746711325,314.599685975261,75.8805241452684,0,0,14.0653161622607,23.9803972465051,101.429647440051,21.1414098537017,209.702756250966,0,158.1952056423,214.249422268052,0,0,45.5528912434929,44.4150973875189,0,36.1862847052502,0,33.8111296102462,30.6834232201035,60.4897798236865,0,0,54,25.5,BEE
F. graeca,2017,EU,FRU,19.5951005122882,71.2307396455727,23.5142433502056,34.8896210683276,227.589728558201,23.9654567119422,16.3741295436771,25.3921251114563,0,0,0,9.74637345719771,0,29.0173891622942,8.12719882152037,0,0,10.7671145614645,12.7396906754078,3.09367176889056,4.15371054894809,12.8814271440267,5.75987585440027,3.94068,9.04460724339113,0,17.3492143646345,3.06672249638389,124.066865982765,0,0,9.6,52.6,FLY
F. grandiflora,2017,EUR,NA,189.403418131183,789.91984771178,1370.28886454219,1936.57575853813,7841.74162913704,444.34096257923,1151.5919649812,2390.35314239963,205.971800227659,391.768537137735,225.572537101526,121.322810193554,200.667940918266,4347.05971791145,140.666764017718,275.296958463394,275.434559181564,986.998756925547,948.103250764901,37.1640472955683,81.8284213288269,3965.69220974092,54.7166231396832,50.9163623681404,0,35.5560945040632,132.127982195011,104.600119832471,12.2622929806905,0,0,,,BEE
F. imperialis,2017,AS,FRU:GLU,413.307218189504,636.732083899198,53.9814323736368,114.498614929437,1789.98923566542,62.7114187668771,58.7972540909256,83.1588444659008,0,0,0,8.80617444485005,14.4829681184113,258.287258470631,0,190.65777098372,0,32.4606455734527,40.7910131453248,0,0,6.03230159155582,0,0,17.5783268489103,0,0,5.08152650990739,103.092526659027,0,0,204.8,13.6,PAS
F. imperialis,2016,AS,FRU:GLU,8.81260176410978,3064.95518832112,182.673280962071,553.581379180643,10731.6905761922,480.598205476816,269.920839010629,424.165598118977,0,81.4225741489292,0,27.0318963866903,75.0123075900653,2728.645464552,23.3904543906683,262.424494871848,44.7638543553073,106.983415391776,173.981047579227,0,0,25.3533095036371,51.6646093580338,18.2912053410309,0,28.2882210599047,42.1829823331716,5.9536735458991,9.74439720813544,0,0,204.8,13.6,PAS
F. kotschyana,2017,EUR,FRU,155.468252346883,2887.7789261797,94.126538040656,278.239457876127,2370.62208120745,39.8890939796498,409.586064988564,487.715771418115,13.5075256200375,0,12.1097432415058,0,30.0481058725924,245.656145777628,11.5039187490728,20.389318128851,21.9661979006176,201.939624369083,0,5.32225522486842,0,576.545269931276,0,239.23088,63.0174458539109,0,692.814613596498,0,0,36.0283042375089,0,55.3,24.3,BEE
F. liliacea,2017,AM,NA,147.690907187165,563.037763960343,74.7289072290977,184.117399950806,525.263159895306,70.1503794371966,149.116429283502,448.783262301356,12.9024244687675,19.7332534703439,15.2963149152964,26.6968148585017,33.5592188518082,314.708551029726,46.6698844571774,85.5175579385398,61.4180481553286,43.7453596195833,220.723940430345,0,30.2251234354019,44.6583135470242,28.1221038713922,0,237.616931633152,0,76.7346362014654,2.75172891146381,136.026345251163,0.25859477400857,0,34,48,BEE
F. liliacea,2017,AM,NA,198.707553285904,240.547460679828,20.3452019827316,240.683912179272,297.410202001001,965.206827444622,75.9567139256855,83.7062249888215,53.9712483326289,98.3659831895374,0,24.835047910204,0,334.418065362928,21.4391666850113,227.015443523471,16.2963018730289,17.9115191702836,59.8718436972332,5.8872165198295,0,0,29.415143056322,0,0,51.6704237252497,51.5230482004405,16.6093688058958,248.709404441653,0,0,34,48,BEE
F. lusitanica,2017,EUR,SAC,25.1946507011043,98.5595178261315,10.0940187696908,25.808041214501,56.4794947548637,0,13.0296681952315,17.6444882947237,5.52699940637905,7.60541400007297,0,6.66156503087045,0,24.8551450558998,4.91625878738455,62.2557830468769,6.11412814091556,5.97989919445042,8.60414139387674,0,3.01361020052733,4.04840659313114,14.3411732244964,0,6.9470692845151,0,2.42830601115937,14.5162767382183,136.277919247513,0,0,51,9,BEE
F. meleagris,2017,EUR,FRU:GLU,215.983140995315,472.088320905006,136.810254379382,374.272868234384,6580.68942723988,0,0,358.215721885698,62.5413156869815,155.409696467295,10.515165230155,87.6798575225492,0,479.057169848176,48.0169639420601,173.155748718119,31.4412656651339,165.311138881794,298.151151193601,0,34.811758720959,46.3551217971535,30.4699782055428,0,0,63.3428928515425,76.5862332916911,16.1339533850632,81.8204175798056,0,0,,50,BEE
F. meleagroides,2017,EUR,FRU,75.5146781748093,653.957923705071,34.094566770757,103.341331336087,30.7710156606546,77.9119142566242,24.4437788269824,180.928909026916,0,11.1016595740331,8.77484003251765,18.1633724433125,7.89311350356889,190.828571975298,13.6801684157402,19.7022079618108,33.7429351956083,10.9106654681486,0,0,0,8.76125043046551,0,20.30128,8.83692954322914,0,74.5525811810603,5.10731074742012,33.7184850974734,0,0,39.1,31.6,BEE
F. meleagroides,2016,EUR,FRU,345.273267143692,802.917659205876,35.7605631038285,458.761853105349,234.90417887172,1208.78762775618,96.9281535358197,76.4120499562702,246.125223353945,71.6147357749533,0,55.2509875213341,0,504.476601507234,45.7609559344451,260.842296932886,27.701907194386,40.6587553271168,42.6540431794092,0,30.0332271372758,24.8985875332562,32.0559622934288,0,0,60.9557737826253,80.4151927341797,17.6743371218217,138.690858468135,0,0,39.1,31.6,BEE
F. michailovskyi,2017,EUR,FRU,12.4639499468729,18.4925882577574,2.01892509739526,33.3802917984303,87.5048219247844,17.6074703392395,3.70035048327325,127.098316543972,0,0,1.48298243724319,1.87043449626696,4.35124482616854,17.7214558161145,3.14424152590693,60.6420897319726,18.8318908163116,28.8318514147519,9.56535123703045,2.21390663276836,21.7650854448629,4.78053200715894,8.85750950944995,5.34028,5.98536459154709,0,20.3920939258967,1.42012931203735,179.180541051334,0,0,3.6,17.4,BEE
F. michailovskyi,2017,AS,FRU,305.634725253839,427.93011694013,50.859731398705,306.860513810042,652.400230417454,1752.58318577959,84.4240835191993,307.308631034034,213.391173520302,104.9458776626,27.2802291672008,62.0499347843393,0,485.643744301257,47.103767359509,309.25881647044,0,49.4144844966923,302.34832977986,0,33.922761725066,23.4872608241105,50.606100687111,0,0,99.1347932614213,37.1236179662367,31.0035648971345,775.241326959181,0,0,3.6,17.4,BEE
F. pallidiflora,2017,EUR,GLU,25.5799116507375,43.0420010263671,96.933727329731,73.7588297960296,223.464222717982,121.940216350767,50.9151220662177,33.7653729557236,6.1372983906535,0,12.0483676581621,50.4050068014459,9.14520597315374,92.0251649602297,13.3276133736957,15.3833251868716,0,19.2157459952253,13.0285772978119,0,36.8799689595367,11.352913070456,0,21.02394,18.2143475474292,0,75.8420271386668,4.30707772320909,27.2070905080584,25.2849036550813,0,25.9,43.7,BEE
F. pallidiflora,2017,EUR,GLU,14.02991019201,11.7194136568059,10.3503559623453,12.2576134633801,20.3733530839361,8.18360704954784,3.70708510853051,7.73321497261524,0,0,0,7.181724576714,0,7.54954820498202,4.46780423591175,13.2799380696808,0,4.48258025816786,4.96866829046991,0,2.63844712211394,2.21889662580603,2.205656666792,0,2.10952423601625,0,0,4.55264926060732,76.3902720696506,0,0,25.9,43.7,BEE
F. pallidiflora,2016,EUR,GLU,42.8263895317389,57.1108286313602,1.97585471915532,26.317387937659,93.2457835218363,272.627389099341,0,8.01353103926384,0,10.2620685891153,0,6.36988128302266,0,74.2379466187964,4.96363640300747,62.7782575015218,0,5.01325940103982,2.69424307812105,4.51952044132257,0,0,8.85553080417462,0,1.70683073734391,15.1289550499353,4.95042813869438,7.18621087246187,16.7265692715758,0,0,25.9,43.7,BEE
F. persica,2017,EU,GLU,16.0593592014562,325.985575608617,24.5314938887168,32.186210079826,136.212584034899,25.1398792496051,10.2876332244201,15.0187790318987,0,0,6.36532443877989,0,0,142.574037609652,7.82510703412903,0,11.6830671430462,19.6005898747638,6.91225126541416,0,5.87071758977768,4.82612857161037,0,0,8.95414617669168,0,0,0.914400008832128,70.2113112681583,0,0,4.4,46.5,BEE
F. pontica,2017,EU,FRU,0.131654711455552,499.542263587174,416.002493678682,796.532808231345,2918.45537626744,48.6361042866877,763.286875547251,640.381881396881,37.8151891714326,0,10.8709478623073,44.9227680201183,97.2353856048355,516.545234227527,36.445866479128,26.6705738405427,0.177970358432048,177.17089446417,321.280042618347,0,16.3423372252092,2289.6050515151,87.1900723739857,21.73148,51.9380052951937,0,15.9276397235196,3.80822364991867,49.0877793175044,0,0,5.6,16.05,BEE
F. pontica,2016,EU,FRU,214.742565010622,472.421736565869,148.533875623217,336.452112556607,1161.31849400613,945.767717368107,279.073971822399,239.252911802831,10.0425295452839,64.0623034287137,0,28.053304638825,0,317.628230610189,30.4867004289099,179.205183813861,0,57.7322772188663,143.467523790668,0,17.2221100907137,434.186384525532,24.1025181142745,0,0,52.2060544195864,35.1314145691455,16.95160299392,324.584243588844,0,0,5.6,16.05,BEE
F. pyrenaica,2017,EU,SAC,56.3863915753984,51.1578353785053,23.4958869495107,146.045085971033,145.424211746753,96.4619652086416,30.6593894848139,951.556878529082,0,0,126.62346308546,53.4713080647364,0,83.1203717466165,0,47.9754656871179,59.7987781698597,0,16.841033706154,0.129061996824394,39.3795407983358,16.3616130048594,0,36.00094,25.3674359347037,0,174.744939720791,15.7790230974302,101.807165808643,0,0,52.3,19.9,FLY
F. raddeana ,2017,AS,SAC,54.0521926996784,195.602095208954,43.3637727989219,102.518180876346,719.361962685747,0,70.3108459295192,74.8366751499328,0,44.3161424794917,0,26.3505977347865,0,160.472051829872,24.7614502675787,103.035692373485,21.7881073152364,40.1446580545406,37.0009865713176,0,10.3283134540849,13.8175606691237,54.5780144093136,0,0,0,8.93579141154646,0,49.6022608255669,0,0,8.7,50.1,BEE
F. recurva,"2017,0",AM,FRU,11.0812691198569,25.4331100775073,7.60520977791912,10.1841759553814,71.6228763656324,10.9410116999083,0,8.80017209467075,0,0,0,6.40476608773085,0,4.57131717342478,4.75050901684658,24.4292540672375,0,5.95744064503542,5.46348517128874,2.25520231196247,3.90340920903905,0,0,0,3.62772009881897,0,2.87811358698218,3.7031487877361,16.5656070643665,0,0,49.2,33.1,HUM
F. recurva,"2017,0",AM,FRU,61.2315025001895,73.3817402195403,4.55186794356902,34.4104007716213,94.4823670301709,270.742617760569,2.92725911975702,6.31607168768627,0,12.0862708134282,0,6.73251948195838,0,76.7700245231859,4.80336087885441,35.6165144939059,0,6.50906069908051,2.93125614842672,2.07397537675934,6.75848348644827,0,2.55356378158238,0,1.84259572939913,15.485077079143,12.6875095267806,3.46164498965896,15.5508589304496,0,0,49.2,33.1,HUM
F. recurva,"2017,0",AM,FRU,45.2329658079596,78.8194135126103,0,25.8447234988032,99.0476196671178,286.054280818633,0,18.0400129355341,0,12.0641023049663,0,7.67509137129247,0,112.886706329248,6.24814206240184,57.2148138446592,0,9.51375504610272,2.2107080304329,0,6.07793870856682,0,6.43475487826542,0,1.03826800011646,17.1478950490094,7.4094567221759,4.99463511087048,17.9280037924269,0,0,49.2,33.1,HUM
F. sewerzowii,2017,EUR,FRU:GLU,17.4093030171662,131.227703088661,32.4736965893939,55.0251872029089,870.902260173197,27.8893637750328,26.3713171736932,37.6081125413799,10.6616874681741,0,0,15.1606208497093,33.365310333811,67.695972987137,0,0,0.0561920938003366,14.0279626823852,17.81348543113,0,11.1368418095154,12.8929480013096,0,0,19.585711553973,0,43.6927064241745,2.26830445704243,2.74293996443515,16.6657215907224,0,24.6,61.9,BEE
F. sewerzowii,2016,EUR,FRU:GLU,156.782085049142,201.167091362248,56.9805623071783,144.465840267256,776.659947863335,901.694094599787,20.6437476936032,48.2008465257229,0,54.4523451263678,0,46.9986131835985,0,275.802322941065,23.8866603553036,196.377645162291,0,30.2092123703256,18.4826946307878,0,31.9505348590786,0,24.0803055861704,40.6941151057591,10.9034237673936,53.1810155776683,43.058955555019,14.2635433686321,119.271969016042,48.0975459023552,0,24.6,61.9,BEE
F. stenanthera,2017,AS,GLU,75.7841468292961,194.371526327924,0,82.8437165577861,64.5920840828261,0,69.7288736099107,59.8476526923237,0,30.6477980365024,0,18.7509086814742,0,214.642924291003,20.268507022412,119.031018405886,27.1260405766617,33.2943109222411,50.6571269525087,28.0204537161263,10.8902198502856,24.7867725518612,16.284606907245,0,62.4718236685673,0,0,11.1990131402329,752.621866956879,0,0,0.6,45.5,LEP
F. stribrnyi,2017,EU,NA,247.539207314396,410.333580733686,29.6056619508154,74.9527647854968,822.456292242844,26.2784659152441,79.7715787981274,182.025495844867,0,42.5825687224066,4.28204889909482,11.4835480761268,0,70.0966553062631,30.1654418841618,17.4523220043068,22.3002202535318,83.911428836653,92.2681126479344,0,0,8.24003720610245,0,0,0,0,9.55223663073157,6.70301683336957,93.2086330094063,0,0,7,35,BEE
F. thessala,2017,EUR,SAC,41.0887684917696,83.4460548006455,88.5526965140407,385.099799979056,963.546494303271,78.1783036682616,0,333.097132228102,20.8688541878187,0,0,18.1620068414291,27.183817284268,112.18880851749,0,86.8483003535933,28.5872830104857,26.7055959628811,278.012874738593,0,11.0935075109949,1916.37120182884,36.4289208241114,0,47.5396874034176,0,26.127052364274,4.50586185480216,131.607626270275,435.990407505307,0,14,16.2,BEE
F. tubiformis,2017,EUR,SAC,222.133224948736,852.20220169117,551.726391789737,1572.88479612761,9621.40250493268,182.2278995337,595.196524216212,1062.71008885626,23.9348930663241,247.551810708741,17.0573227683496,43.7207879810525,95.8842224670447,655.95472615573,43.1787852209556,163.193845016127,36.2983689111586,311.880492083227,380.420243233479,21.1404129551706,0,97.6969083225131,6.02663662425934,22.98244,0,0,122.751673456781,4.67805539294713,31.55410080164,0,0,,16.2,BEE
F. ussuriensis,2017,EUR,SAC,79.1237574846173,844.484452566161,146.026941980309,16.5101708740977,788.20252220869,0,0,550.226276025634,0,38.241350442694,2.12455467278611,2.92572794275081,4.67837784024106,27.8621254921219,14.5966863390669,12.0491254599746,15.2353210236727,103.926038069528,210.572560005666,0,0,514.970126754496,12.6106932612411,0,0,0,25.661493024961,18.7314302756605,35.3437804698965,0,0,3.2,77.5,FLY
F. uva vulpis,2017,EUR,GLU,126.473873095509,1561.28565991392,47.4341631557694,312.793348005608,34.3142271233838,256.389665781626,36.9400553346408,364.402714557433,14.0991836574905,0,20.3773241110037,8.83260120459073,0,508.718746346292,0,37.2149780680512,150.146653581587,76.8138328644701,0,11.539763025478,117.468837419404,51.1915670795408,0.232090156670315,12.24708,147.494144482809,0,62.6811311148846,22.0355399725882,54.2031840092253,22.50132164945,0,12,47.8,BEE
F. verticillata,2017,AS,GLU,16.036822083383,7.93633114259965,0,35.7672814025415,48.1960927691553,14.2629350357358,7.00536382769818,9.63027518434497,3.04171772267631,0,0,5.62449387443933,0,23.779662951399,0,115.501028528968,7.30045097128185,5.98982342899903,3.81449144670225,0,2.01347423210251,2.32085814093662,0,3.11192,7.4068203454111,0,0,1.86831028590045,422.096933452815,5.54677170422582,0,0.6,47.8,BEE
F. whittallii,2017,EUR,FRU,45.9607872576963,153.801319536401,35.3023567484817,49.4761846919503,640.50547412113,14.7375107978547,32.1613385452588,71.8112558552501,0,4.18654481130661,5.85524795207087,0,0,103.268349993595,20.2149396442348,10.8940621940913,22.4511253280113,51.7213297322722,0.543496410073966,0,5.30446416695078,33.619596910752,0.0797727664800123,0,17.9911578119628,0,0,0.97900825213145,81.9409822309727,0,0,13.5,50.9,BEE
